<?xml version="1.0" encoding="UTF-8"?>
<project-private xmlns="http://www.netbeans.org/ns/project-private/1">
    <editor-bookmarks xmlns="http://www.netbeans.org/ns/editor-bookmarks/2" lastBookmarkId="0"/>
    <open-files xmlns="http://www.netbeans.org/ns/projectui-open-files/2">
        <group>
            <file>file:/C:/Users/santi/OneDrive/Escritorio/TiendaLolGamesestesi/TiendaLolGames/src/Vista/Ingresar.java</file>
            <file>file:/C:/Users/santi/OneDrive/Escritorio/TiendaLolGamesestesi/TiendaLolGames/src/controlador/JuegoDAO.java</file>
            <file>file:/C:/Users/santi/OneDrive/Escritorio/TiendaLolGamesestesi/TiendaLolGames/src/Vista/MostrarExpansion.java</file>
            <file>file:/C:/Users/santi/OneDrive/Escritorio/TiendaLolGamesestesi/TiendaLolGames/src/Vista/MostrarJuego.java</file>
            <file>file:/C:/Users/santi/OneDrive/Escritorio/TiendaLolGamesestesi/TiendaLolGames/src/controlador/ExpansionDAO.java</file>
        </group>
    </open-files>
</project-private>
